ID_BANDA,NOMBRE_COMPLETO,LOCALIDAD,PROVINCIA,FECHA_FUND,FECHA_EXT,ULTIMO_DISCO,STATUS,CANAL_URL,CANDIDATOS,NOTA
1,Agrupación Musical Nuestra Señora De La Victoria,Arahal,Sevilla,1980.0,,2012.0,exacto,https://www.youtube.com/@amvictoriaarahal1980,,"Canal 'AM VICTORIA ARAHAL', coincide con fundación 1980 y localidad Arahal."
2,Agrupación Musical Nuestro Padre Jesús De La Redención,Córdoba,Córdoba,1989.0,,2010.0,exacto,https://www.youtube.com/@RedencionCordoba,"https://www.youtube.com/channel/UCV8-0KTrvlwPksTrqCVaKDQ (Canal 'Topic' (auto-generado por YouTube, no gestionado por la banda) etiquetado explícitamente como 'de Córdoba', pero no es un canal oficial gestionado.) | https://www.youtube.com/channel/UCB2ylcAqAyqZeZCUPasMuBg (Canal titulado 'La Redención - YouTube' encontrado en búsqueda centrada en Córdoba, pero existe una banda homónima en Sevilla (ID_BANDA 11) con canal propio confirmado y fecha de fundación 1978; alto riesgo de confusión entre ambas bandas 'Redención'.)",Existe una segunda banda con el mismo nombre en Sevilla (ID 11) que sí tiene canal oficial claro; no se pudo confirmar con seguridad un canal propio y gestionado específico para la banda de Córdoba.
3,Agrupación Musical Cristo De La Misericordia,Lepe,Huelva,,,2007.0,no_encontrado,,,"Solo se encontraron vídeos sueltos de terceros, blog y web oficial (ammisericordialepe.es), sin canal de YouTube propio identificable. Otros canales 'Misericordia' hallados pertenecen a bandas de otras localidades (Cáceres, Segovia, Viveiro)."
4,Agrupación Musical Cristo De La Buena Muerte,Ayamonte,Huelva,1980.0,,2009.0,no_encontrado,,,"Numerosos vídeos con marca consistente 'AM Buena Muerte (Ayamonte)' y presencia activa en Instagram/X (@ambuenamuerte), pero no se pudo confirmar un canal de YouTube propio (handle o URL de canal) con certeza."
5,Banda De Cornetas Y Tambores De La Centuria Romana Macarena,Sevilla,Sevilla,,,2018.0,exacto,https://www.youtube.com/@bandacenturia,,"Canal 'Banda de la Centuria Romana Macarena', coincide con la banda de la Hermandad de la Macarena en Sevilla."
6,Agrupación Musical Virgen De Los Reyes,Sevilla,Sevilla,1991.0,,2015.0,exacto,https://www.youtube.com/channel/UCXchDNSKTFF1maH_A8Gpjuw,,"Canal 'Virgen de los Reyes', corroborado por Instagram @agrupacionvr, banda de Sevilla."
7,Banda De Cornetas Y Tambores Nuestra Señora Del Sol,Sevilla,Sevilla,1975.0,,2012.0,exacto,https://www.youtube.com/channel/UCYmabM936f1niAoy_yFTStA,,"Canal oficial de 'Banda del SôL', vinculado a web conocida bandasol.com."
8,Banda De Cornetas Y Tambores Nuestra Señora De La Fuensanta,Córdoba,Córdoba,1992.0,2008.0,2003.0,no_encontrado,,,"Banda extinta (2008); solo aparecen referencias en Spotify/Apple Music y bandas sucesoras/distintas ('Fuensanta Coronada', 'Jesús Caído y Fuensanta'). Prioridad baja, búsqueda única realizada."
9,Agrupación Musical Paz Y Caridad,Estepa,Sevilla,2000.0,,2011.0,exacto,https://www.youtube.com/@pazycaridadestepa2309,,"Canal 'Paz y Caridad Estepa', coincide con la banda de Estepa, Sevilla."
10,Agrupación Musical Nuestro Padre Jesús De Los Afligidos,Puente Genil,Córdoba,1998.0,,2013.0,exacto,https://www.youtube.com/@AMAFLIGIDOS,,"Canal 'AMAFLIGIDOS', coincide con la banda de Puente Genil, Córdoba."
11,Agrupación Musical Nuestro Padre Jesús De La Redención,Sevilla,Sevilla,1978.0,,2018.0,exacto,https://www.youtube.com/c/AMRedenci%C3%B3n1978,,"Canal 'La Redención', el sufijo '1978' coincide con la fecha de fundación de esta banda de Sevilla (FECHA_FUND 1978), distinguiéndola de la homónima de Córdoba (ID 2). Web conocida amredencion.com."
12,Agrupación Musical Santa Marta Y Sagrada Cena,León,León,2000.0,,2013.0,exacto,https://www.youtube.com/@lacenadeleonagrupacionmusi2427,,"Canal 'La Cena de León Agrupación Musical', canal propio de la banda (distinto del canal de la Hermandad)."
13,Banda De Cornetas Y Tambores Nuestro Padre Jesús Cautivo Y Santiago Apostol ,Sanlúcar La Mayor Y Aznalcázar,Sevilla,2006.0,2012.0,2009.0,no_encontrado,,,"Banda extinta (disuelta en 2012); solo se encontraron blogs y referencias históricas, sin canal de YouTube propio. Prioridad baja, búsqueda única realizada."
14,Agrupación Musical Cruz Roja,Tobarra,Albacete,1977.0,,2010.0,exacto,https://www.youtube.com/channel/UCkoz03B7E43DHo9PHKeUiWQ,,"Canal 'Cruz Roja Tobarra', coincide con la banda de Tobarra, Albacete, y su web conocida."
15,Agrupación Musical Nuestra Señora De La Encarnación,Almuñécar,Granada,2002.0,,2009.0,exacto,https://www.youtube.com/@amencarnacionsb,,"Canal 'Agrupación Musical Ntra. Sra. de la Encarnación', coincide con la banda de Almuñécar, Granada."
16,Banda De Cornetas Y Tambores Nuestra Señora De La Victoria,Sevilla,Sevilla,1979.0,,2018.0,exacto,https://www.youtube.com/lascigarreras,,"Canal oficial 'Las Cigarreras', coincide con web conocida lascigarreras.net."
17,Agrupación Musical Nuestro Padre Jesús Nazareno De La Fuensanta,Morón De La Frontera,Sevilla,1990.0,,2011.0,exacto,https://www.youtube.com/@FuensantadeMor%C3%B3n,"https://www.youtube.com/channel/UCO1qxM6srCjixXKRbEBaVDQ (Canal genérico llamado 'Fuensanta' que aparece asociado a vídeos de 'AM Fuensanta (Morón)', pero el nombre es demasiado genérico para confirmar que es el canal propio y oficial de esta banda concreta.)","Existe una banda distinta llamada 'Agrupación Musical Virgen de la Fuensanta' (canal @amvfuensanta) que NO corresponde a esta banda (esta es 'Nuestro Padre Jesús Nazareno de la Fuensanta', de Morón de la Frontera); se descarta ese canal para evitar confusión."
18,Banda De Cornetas Y Tambores Santísimo Cristo De La Caridad (Santa Marta),Jerez De La Frontera,Cádiz,1997.0,,2006.0,exacto,https://www.youtube.com/@CaridadDeJerez,,"Canal 'Caridad Jerez', coincide con la banda de Jerez de la Frontera, Cádiz."
19,Banda De Cornetas Y Tambores Nuestro Padre Jesús Nazareno,Mairena Del Alcor,Sevilla,1992.0,2008.0,2002.0,no_encontrado,,,"Banda extinta (2008) de Mairena del Alcor; existen múltiples bandas homónimas 'Nuestro Padre Jesús Nazareno' en otras localidades (Arahal, Guadalajara, Cazalla de la Sierra, Huelma) pero ninguna claramente identificable como la de Mairena del Alcor. Prioridad baja, búsqueda única realizada."
20,Banda De Cornetas Y Tambores Santísimo Cristo De Las Tres Caídas,Sevilla,Sevilla,1980.0,,2017.0,exacto,https://www.youtube.com/channel/UC0KBrF8twZ_ZarsZMn47ScQ,,"Canal oficial 'Tres Caídas de Triana', coincide con web conocida trescaidasdetriana.com."
21,Agrupación Musical San Juan De Aznalfarache,San Juan De Aznalfarache,Sevilla,1970.0,2003.0,2002.0,no_encontrado,,,"Banda extinta (2003), sustituida por la Banda 'Amor de Cristo'. No se encontró canal de YouTube propio; existe un canal activo de una banda homónima distinta en Jerez de la Frontera que no corresponde a esta. Prioridad baja, búsqueda única realizada."
22,Agrupación Musical Santa María Magdalena,Arahal,Sevilla,1964.0,,2014.0,exacto,https://www.youtube.com/channel/UChOcuyUwV63LsqoxsnutC1g,,"Canal 'Agrupación Musical Santa María Magdalena', coincide con la banda de Arahal, Sevilla."
23,Banda De Cornetas Y Tambores Nuestro Padre Jesús En La Presentación Al Pueblo,Dos Hermanas,Sevilla,1988.0,,2011.0,exacto,https://www.youtube.com/@presentacionalpueblodosher7571,,"Canal 'Presentación al Pueblo Dos Hermanas', coincide con web conocida presentacionalpueblo.com."
24,Banda De Cornetas Y Tambores Nuestra Señora Del Rosario,Cádiz,Cádiz,1998.0,,2018.0,exacto,https://www.youtube.com/@rosariodecadiz,,"Canal oficial 'Rosario de Cádiz', coincide con la banda 'Nuestra Señora del Rosario Coronada' de Cádiz."
25,Agrupación Musical Polillas,Cádiz,Cádiz,1991.0,,2014.0,exacto,https://www.youtube.com/user/ampolillas,,"Canal 'Agrupación Musical Polillas', coincide con web conocida ampolillas.es."
26,Agrupación Musical Nuestro Padre Jesús De La Salud (Los Gitanos),Sevilla,Sevilla,1996.0,,2015.0,exacto,https://www.youtube.com/@LosGitanosSM,,"Canal 'Sección Musical Los Gitanos' (SM = Sección Musical), coincide con web conocida seccionmusical.hermandaddelosgitanos.com."
27,Agrupación Musical Nuestro Padre Jesús De La Piedad En Su Presentación Al Pueblo,Jaén,Jaén,1996.0,,2013.0,exacto,https://www.youtube.com/@amlaestrellajaen,,"Canal 'Agrupación Musical La Estrella de Jaén', coincide con web conocida amlaestrellajaen.es."
28,Agrupación Musical La Sentencia,Jerez De La Frontera,Cádiz,1995.0,,2017.0,exacto,https://www.youtube.com/channel/UCJS-OrUJEbQxxkqIMH8LYNg,,Canal 'La Sentencia' con videos de conciertos y actuaciones de la banda en Jerez; coincide con su web amlasentencia.com
29,Agrupación Musical Fusionada San Juan Evangelista Y Santo Sepulcro,Bailén Y Sabiote,Jaén,2004.0,2013.0,2010.0,no_encontrado,,,"Banda extinta en 2013, se escindió en dos bandas separadas (AM San Juan de Bailén y AM Santo Sepulcro de Sabiote), ninguna con canal correspondiente a la entidad fusionada original"
30,Agrupación Musical Virgen De La Oliva,Vejer De La Frontera,Cádiz,1991.0,,2015.0,exacto,https://www.youtube.com/user/amvirgendelaoliva,,Coincide con web oficial amvirgendelaoliva.com; también existe canal 'Topic' UCE7USv8XNKPbfe2QRAeODig
31,Banda De Cornetas Y Tambores Coronación De Espinas,Córdoba,Córdoba,1996.0,,2009.0,exacto,https://www.youtube.com/channel/UCmH6Omtawdi-mYgEvi-dT4w,,"Canal 'Coronación de Espinas Córdoba', coincide con su web bandacoronacion.es"
32,Banda De Cornetas Y Tambores Santísimo Cristo De La Sangre (San Benito),Sevilla,Sevilla,1992.0,,2006.0,exacto,https://www.youtube.com/channel/UCL1so9oOcC1RtmNS6jUsxXw,,"Canal 'Banda de la Sangre', coincide con su web bandacristodelasangre.org"
33,Agrupación Musical San Juan,Jerez De La Frontera,Cádiz,1978.0,,2014.0,exacto,https://www.youtube.com/channel/UCtkto9O4skXv4_CiP8wEGXA,,Canal 'Agrupación Musical San Juan (Oficial)' de Jerez de la Frontera; también existe canal 'Topic' UCzkxT4MAFlPU78srxWvqDQQ
34,Agrupación Musical Nuestra Señora De Las Angustias,Alcalá La Real,Jaén,1982.0,,2013.0,exacto,https://www.youtube.com/channel/UC0jsRY4EKvwmdKQ0B3-WPeA,,Canal 'AM Angustias Alcalá la Real' con videos de sus marchas propias
35,Agrupación Musical Dulce Nombre De Jesús,Marchena,Sevilla,1979.0,,2010.0,no_encontrado,,,"Solo se localizó una playlist de terceros ('Am Dulce Nombre de Jesús (Marchena)') y videos sueltos, sin canal oficial propio identificable"
36,Banda De Cornetas Y Tambores San Juan Evangelista,Sevilla,Sevilla,1994.0,,2011.0,exacto,https://www.youtube.com/@sanjuanevangelistaesperanz4401,,"Canal 'San Juan Evangelista (Esperanza de Triana)', coincide con la banda de la Hermandad de la Esperanza de Triana, Sevilla"
37,Agrupación Musical Nuestro Padre Jesús Despojado,Jaén,Jaén,1998.0,,2014.0,exacto,https://www.youtube.com/channel/UCvoPj7MOHXUYVBhuV7YNuFQ,,Canal 'Topic' autogenerado por YouTube a partir de su discografía distribuida oficialmente ('AM Despojado (Jaén)'); no se halló canal gestionado manualmente adicional
38,Banda De Cornetas Y Tambores Nuestro Padre Jesús Cautivo (Santa Genoveva),Sevilla,Sevilla,1998.0,2018.0,2001.0,no_encontrado,,,"Banda extinta en 2018; solo se hallaron playlists/videos subidos por canales de terceros, no un canal propio"
39,Banda De Cornetas Y Tambores Fundación Alcalde Zoilo Ruiz-Mateos,Rota,Cádiz,1981.0,,2002.0,no_encontrado,,,Numerosos videos con nomenclatura consistente 'BCT Zoilo Ruiz-Mateos (Rota)' pero no se pudo confirmar URL de un canal propio dedicado
40,Agrupación Musical Santísimo Cristo De Gracia,Córdoba,Córdoba,2006.0,,2012.0,exacto,https://www.youtube.com/channel/UC9oA4Bx2YcvcfrbPgvSybRA,,"Canal 'A.M. Cristo de Gracia', coincide con su web amstmocristodegracia.es"
41,Agrupación Musical Santísimo Cristo De Humildad Y Paciencia,San Fernando,Cádiz,2003.0,2009.0,2004.0,no_encontrado,,,"Banda extinta en 2009; los resultados solo muestran videos de la procesión de la Hermandad, no un canal propio de la banda"
42,Banda De Cornetas Y Tambores Vera Cruz,Utrera,Sevilla,1981.0,,2011.0,exacto,https://www.youtube.com/channel/UCIeJ7nvDeXSPWQRyC4DeP8Q,,"Canal 'CC y TT Vera Cruz Utrera', coincide con sus redes sociales oficiales (@bctveracruzutrera)"
43,Agrupación Musical Rosario Civitas Solis,Écija,Sevilla,,,1999.0,no_encontrado,,,"Solo se hallaron referencias en blogs/discografías de terceros, ningún canal de YouTube propio"
44,Banda De Cornetas Y Tambores La Cruz,Tomares,Sevilla,1989.0,2008.0,2005.0,no_encontrado,,,"Banda extinta en 2008; solo presencia en Spotify/SoundCloud, sin canal de YouTube"
45,Agrupación Musical Hermanos Cirineos,Cádiz,Cádiz,1993.0,2011.0,2004.0,no_encontrado,,,Banda extinta en 2011; no se halló canal de YouTube
46,Banda De Cornetas Y Tambores Santísimo Cristo Del Mar,Vélez-Málaga,Málaga,2000.0,,2010.0,exacto,https://www.youtube.com/@Bandacristodelmar,,Coincide con su web bandacristodelmar.blogspot.com y redes sociales oficiales
47,Banda De Cornetas Y Tambores Nuestra Señora De Las Mercedes (Santa Genoveva),Sevilla,Sevilla,1998.0,2001.0,1999.0,no_encontrado,,,"Banda extinta en 2001; solo se hallaron videos de la Hermandad de Santa Genoveva, no un canal propio de la banda"
48,Agrupación Musical Nuestro Padre Jesús De La Pasión,Linares,Jaén,1996.0,,2006.0,exacto,https://www.youtube.com/channel/UCAQeYo6-kSYPl9pEmKqi4iQ,,"Canal 'Pasión de Linares', coincide con la banda y su web lapasiondelinares.org"
49,Agrupación Musical Santísimo Cristo De La Salud,Alcalá La Real,Jaén,1995.0,,2007.0,exacto,https://www.youtube.com/channel/UCIsFp7G-hncrH1ien69DZVw,,Canal 'Agrupación Musica Stmo. Cristo de la Salud (Alcalá La Real)'
50,Agrupación Musical María Santísima De Los Dolores,Linares,Jaén,1981.0,,2015.0,exacto,https://www.youtube.com/@amrescatelinares,,Canal 'Agrupación Musical María Stma. de los Dolores' (El Rescate) de Linares
51,Agrupación Musical Maestro Jácome,Cádiz,Cádiz,1993.0,2006.0,2004.0,no_encontrado,,,Banda extinta en 2006; no se halló canal de YouTube propio
52,Banda De Cornetas Y Tambores Santísimo Cristo De La Sed,Sevilla,Sevilla,1991.0,2003.0,2002.0,no_encontrado,,,"Banda extinta en 2003; no se halló canal de YouTube propio, solo referencias en directorios y Spotify"
53,Agrupación Musical Cristo Del Amor (La Cena),Huelva,Huelva,1978.0,,2011.0,exacto,https://www.youtube.com/channel/UCP8x_hxUhJuHl0kDSCHlmrw,,"Canal 'AM CENA HUELVA', coincide con su web cenadehuelva.com"
54,Agrupación Musical Santísimo Cristo De La Buena Muerte,Jaén,Jaén,1981.0,2002.0,1996.0,no_encontrado,,,Banda extinta en 2002; no se halló canal de YouTube propio
55,Agrupación Musical Nuestro Padre Jesús Nazareno,La Algaba,Sevilla,1978.0,,2015.0,exacto,https://www.youtube.com/@NazarenoLaAlgaba,,Canal oficial 'NAZARENO DE LA ALGABA'; también accesible en formato legado youtube.com/user/AMJESUSNAZARENO (parece el mismo canal). Coincide con localidad y discografía.
56,Banda De Cornetas Y Tambores Nuestra Señora De La Salud,Utrera,Sevilla,1992.0,2007.0,2005.0,no_encontrado,,,"Banda extinta (Utrera). Solo aparece el canal de la banda homónima de Córdoba (@bandasaludcordoba), que NO corresponde a esta banda de Utrera."
57,Agrupación Musical Nuestra Señora De La Estrella,Dos Hermanas,Sevilla,1969.0,,2015.0,exacto,https://www.youtube.com/@EstrelladeDosHermanas,"https://www.youtube.com/channel/UC8swqn3OwZxLq8P_YrmJtkg (Canal 'Topic' autogenerado por YouTube para la banda de Dos Hermanas, no gestionado directamente por la agrupación. No se ha encontrado canal oficial gestionado por la banda.)",Solo aparece un canal Topic y una playlist de fan; sin canal oficial claro.
58,Agrupación Musical María Santísima De La Cabeza,Exfiliana,Granada,1995.0,,2010.0,exacto,https://www.youtube.com/channel/UCH9mNWKP8szm79n8d5edXpQ,,"Canal 'Agrupación Musical Mª Stma. de la Cabeza - Exfiliana (Granada)', coincide con localidad."
59,Banda De Cornetas Y Tambores Monte Calvario,Martos,Jaén,1998.0,,2008.0,exacto,https://www.youtube.com/@BCTMonteCalvario,,"Canal 'Banda Monte Calvario Martos', coincide con localidad."
60,Agrupación Musical María Santísima De La Paz,Sevilla,Sevilla,1991.0,2000.0,1997.0,no_encontrado,,,"Banda extinta (activa 1991-2000, Sevilla, absorbió a AM San Julián). No se encontró canal de YouTube."
61,Agrupación Musical Cristo De La Expiración,La Rambla,Córdoba,1980.0,,2011.0,exacto,https://www.youtube.com/@AMExpiracionLaRambla,"https://www.youtube.com/channel/UCRgfsSQnMxgfxtnCHeV5d7g/videos (Canal 'Agrupación Musical La Expiración', nombre genérico que podría corresponder a otra banda 'La Expiración' de otra localidad; no se confirma que sea la de La Rambla (Córdoba).)",Web conocida expiracionlarambla.es no se pudo consultar (WebFetch no disponible) para verificar el enlace a su canal de YouTube.
62,Agrupación Musical Virgen De Las Angustias,Cabra,Córdoba,1998.0,,2013.0,dudoso,,"https://www.youtube.com/channel/UC5SEkdj3u36J7vDpO7TxkPg (Canal 'Agrupación Musical Virgen de las Angustias de Cabra, Córdoba - Topic', autogenerado, no gestionado directamente por la banda. Cuidado: existe otra banda homónima en Granada (canal distinto UCGQMsr_HqK-sILVjI1drxnw).)",Solo se encontró canal Topic para la banda de Cabra. | DESCARTADO
63,Agrupación Musical Sagrada Cena,Cádiz,Cádiz,2006.0,,2012.0,dudoso,,"https://www.youtube.com/@AMSCCadiz (Canal 'Agrupación Musical Sagrada Cena Cádiz' con nombre coincidente, pero su propia descripción indica que recopila vídeos de otros autores (no parece gestionado oficialmente por la agrupación, más bien un canal de aficionado/recopilatorio).)","Nombre coincide pero la descripción del canal sugiere que no es un canal oficial gestionado por la banda. | DESCARTADO: banda renombrada, se actualizará en la base de datos"
64,Agrupación Musical Nuestra Señora De La Encarnación (San Benito),Sevilla,Sevilla,1980.0,,2014.0,exacto,https://www.youtube.com/@amencarnacionsb,,"Handle 'amencarnacionsb' coincide claramente con la banda de San Benito, Sevilla."
65,Banda De Cornetas Y Tambores Nuestra Señora De Los Ángeles,Alcalá De Guadaira,Sevilla,1993.0,2012.0,2002.0,no_encontrado,,,"Banda extinta de Alcalá de Guadaira (fundada 1993, extinta 2012). No confundir con la banda homónima activa de Sevilla (ID 71, comolosangeles.es); no se encontró canal propio de esta banda de Alcalá de Guadaira."
66,Agrupación Musical Nuestra Señora De Las Nieves,Adeje,Santa Cruz de Tenerife,,,2004.0,no_encontrado,,,"No se encontró canal de YouTube propio de la agrupación de Adeje, Tenerife."
67,Agrupación Musical Dulce Nombre De Jesús,Granada,Granada,2004.0,,2007.0,exacto,https://www.youtube.com/@amdulcenombregr,,Handle 'amdulcenombregr' coincide claramente con la banda de Granada.
68,Agrupación Musical Isla De León,San Fernando,Cádiz,1986.0,,2001.0,no_encontrado,,,No se encontró canal de YouTube propio; solo vídeos sueltos subidos por terceros.
69,Agrupación Musical Virgen De Las Lágrimas,San Fernando,Cádiz,1993.0,,2017.0,exacto,https://www.youtube.com/channel/UC9fksCr4sRTIkpNZIXd3Y2Q,,"Canal 'Lágrimas de Dolores', nombre actual de la banda (antes 'Virgen de las Lágrimas'), San Fernando, Cádiz."
70,Agrupación Musical Santo Tomás De Villanueva,Ciudad Real,,2002.0,,2017.0,exacto,https://www.youtube.com/@agrupacionsantotomas,,"Canal 'Agrupación Musical Santo Tomás de Villanueva', Ciudad Real."
71,Banda De Cornetas Y Tambores Nuestra Señora De Los Ángeles,Sevilla,,1992.0,,2014.0,exacto,https://www.youtube.com/BCTAngeles,,Coincide con la web conocida comolosangeles.es; banda de Sevilla (BCT Ángeles).
72,Banda De Cornetas Y Tambores Madre De Dios De Los Desamparados,Sevilla,,1995.0,2016.0,2009.0,no_encontrado,,,"Banda extinta; solo se encontró cuenta de Twitter/X (@Desamparados18), sin canal de YouTube."
73,Agrupación Musical Santa Marta,La Algaba,,1982.0,2000.0,1996.0,exacto,https://www.youtube.com/user/SantaMartaLaAlgaba,,"Canal 'Agrupación Musical Santa Marta La Algaba' con nombre exacto, aunque la banda está extinta desde 2000 (canal probablemente archivado/memorial)."
74,Agrupación Musical Carlos III,La Carlota,,1976.0,,2004.0,exacto,https://www.youtube.com/@AMCarlosIII,"https://www.youtube.com/channel/UC8yT5j65p8ZyS87lFQ-SxNA (Canal 'Agrupación Musical Carlos III - Topic', autogenerado, no gestionado directamente por la banda.)",Solo se encontró canal Topic; existe cuenta de X @amcarlosiii pero no canal de YouTube propio confirmado.
75,Banda De Cornetas Y Tambores Corona De Espinas,Sevilla,,1994.0,2010.0,2010.0,dudoso,,"https://www.youtube.com/channel/UChKeNw7QU6lp-iliM_h2B_Q (Canal 'Banda de Cornetas y Tambores Corona de Espinas - Topic', autogenerado. Cuidado: existe banda homónima 'Coronación de Espinas' en Córdoba (bandacoronacion.es) que es distinta.)",Banda extinta de Sevilla; solo canal Topic encontrado. | DESCARTADO
76,Banda De Cornetas Y Tambores Nuestro Padre Jesús Despojado De Sus Vestiduras,Granada,,,,2015.0,no_encontrado,,,"Abundantes vídeos de la banda (BCT Despojado, Granada) mediante distintos uploaders, pero no se localizó un canal de YouTube propio/oficial ni handle claro."
77,Banda De Cornetas Y Tambores Santísimo Cristo De La Exaltación,Sevilla,,1998.0,2002.0,1999.0,no_encontrado,,,"Banda extinta de Sevilla; solo playlists/vídeos sueltos, sin canal propio identificado."
78,Agrupación Musical María Auxiliadora,Jaén,,,,,no_encontrado,,,Nombre muy ambiguo (coincide con muchos centros/colegios/parroquias María Auxiliadora); no se encontró canal de YouTube específico de la banda de Jaén.
79,Agrupación Musical Nuestra Señora de la Caridad,Sanlúcar de Barrameda,,1970.0,,1996.0,dudoso,,https://www.youtube.com/@CanalVirgendelaCaridad (Canal 'Canal Virgen de la Caridad' de Sanlúcar de Barrameda; podría ser el canal de la hermandad/patrona en general y no específicamente de la agrupación musical.),No se confirma canal propio de la banda; el candidato parece más ligado a la hermandad que a la agrupación musical. | DESCARTADO
80,Banda de la Segunda Comandancia Móvil de la Guardia Civil de Eritaña,Sevilla,,,1975.0,1972.0,no_encontrado,,,"Banda extinta (desapareció en los años 70); solo vídeos sueltos subidos por terceros con grabaciones históricas, sin canal propio."
81,Agrupación Musical María Santísima De La Estrella,Granada,,1979.0,,2013.0,exacto,https://www.youtube.com/channel/UCsX3v06kXptVfV66lBjR0qw,,"Canal 'La Estrella ~ Granada', banda decana de Granada fundada en 1979."
82,Banda de Cornetas y Tambores de Nuestro Padre Jesús de la Humildad,Sevilla,,2007.0,2016.0,2009.0,no_encontrado,,,Banda extinta (2016). Solo aparecen referencias a un CD antiguo y a otras bandas homónimas de otras localidades; ningún canal de YouTube propio identificable.
83,Agrupación Musical Cristo de la Sagrada Lanzada,Sevilla,,1978.0,1986.0,1982.0,dudoso,,"https://www.youtube.com/channel/UCRgv3VN_CZzHtzoBe7coadQ (Canal 'Agrupación Musical Cristo de la Sagrada Lanzada - Topic', autogenerado por YouTube a partir de su música en plataformas de streaming (Spotify/Apple Music), no un canal gestionado oficialmente por la banda (extinta desde 1986).)",DESCARTADO
84,Agrupación Musical Nuestra Señora De La Soledad,Pozoblanco,,1982.0,,2004.0,no_encontrado,,,"Se localizó el canal de la Hermandad Ntra. Sra. de la Soledad de Pozoblanco (youtube.com/user/soledadpozoblanco) y un canal 'SOLEDAD' sin identificar claramente, pero ninguno se confirma como canal propio de la agrupación musical."
85,Agrupación Musical Nuestra Señora De Valme,Dos Hermanas,,2004.0,,2009.0,exacto,https://www.youtube.com/c/AMValmeDosHermanas,,"Canal 'AM Valme Dos Hermanas', coincide con el nombre de la banda, su localidad y su presencia en redes (Instagram/Facebook 'amvalmeoficial')."
86,Banda De Cornetas Y Tambores Santísimo Cristo De La Expiración,Morón De La Frontera,,1991.0,2010.0,2005.0,dudoso,,"https://music.youtube.com/channel/UCup3dn7LgrjD6nxXub3qxBg (Canal de YouTube Music que coincide con el nombre exacto de la banda y localidad, pero no se ha confirmado un canal youtube.com estándar gestionado por la banda (solo se encontró también una playlist de terceros).)","Nuestros datos indican banda extinta en 2010, pero hay contenido en streaming (Spotify) más reciente; posible discrepancia en la fecha de extinción o reactivación. | DESCARTADO"
87,Agrupación Musical María Santísima De Los Dolores,Carcabuey,,1989.0,,2012.0,no_encontrado,,,"Existen cuentas en X (@AM_LosDolores / @AMLosDolores) y vídeos sueltos en YouTube, pero no se identificó un canal de YouTube propio y oficial de la banda."
88,Banda De Cornetas Y Tambores Santísimo Cristo De La Vera Cruz,Los Palacios Y Villafranca,,1996.0,,2000.0,exacto,https://www.youtube.com/c/BctVeraCruzLosPalacios,,"Canal 'Vera-Cruz de Los Palacios', coincide con nombre completo y localidad (Los Palacios y Villafranca); también existe blog oficial veracruzlospalacios.blogspot.com."
89,Agrupación Musical Nuestro Padre Jesús Despojado de sus vestiduras,Sevilla,,1980.0,1991.0,2009.0,dudoso,,"https://music.youtube.com/channel/UCvoPj7MOHXUYVBhuV7YNuFQ (Canal de YouTube Music con nombre similar ('Agrupación Musical Nuestro Padre Jesús Despojados...'), pero existe riesgo de confusión con la homónima agrupación de Écija (activa) frente a la de Sevilla (extinta en 1991), y no se confirma que sea un canal oficial gestionado por la banda.)",DESCARTADO
90,Agrupación Musical Christus Vincit,Jerez De La Frontera,,1981.0,1995.0,1994.0,no_encontrado,,,"Los resultados se refieren sobre todo a interpretaciones de la marcha 'Christus Vincit' por otras bandas, no a un canal propio de esta agrupación extinta de Jerez de la Frontera."
91,Banda De Cornetas Y Tambores Sagrada Columna Y Azotes,Sevilla,,1992.0,,2012.0,exacto,https://www.youtube.com/lascigarreras,,"Banda conocida popularmente como 'Las Cigarreras' (Hermandad de la Sagrada Columna y Azotes y María Stma. de la Victoria, Sevilla), coincide con la web conocida lascigarreras.net."
92,Banda de Cornetas y Tambores Virgen de las Angustias,Sevilla,,1974.0,1986.0,1986.0,no_encontrado,,,"Banda extinta desde 1986 (Sevilla); no aparece canal propio, solo referencias a otras bandas de Sevilla con nombres similares (Sol, Ángeles, Esencia)."
93,Banda De Cornetas Y Tambores María Santísima De Las Penas,Úbeda,,1996.0,,2007.0,exacto,https://www.youtube.com/@penasdeubeda,,"Canal 'Banda María Stma. de las Penas de Úbeda', coincide con nombre y localidad; web propia penasubeda.com confirma la banda."
94,Agrupación Musical Santísimo Cristo De La Sagrada Columna Y Azotes,Écija,,2007.0,,,exacto,https://www.youtube.com/channel/UCiDPG3p3UTUOtU18FLzb-bg,,"Canal 'Agrupación Musical Azotes Écija', coincide con nombre completo y localidad (Écija); también activa en Instagram @am.azotes."
95,Agrupación Musical Nuestro Padre Jesús Nazareno,La Rambla,,1969.0,,2005.0,no_encontrado,,,"Banda de La Rambla (Córdoba). No confundir con la agrupación homónima de La Roda de Andalucía (Sevilla, ID_BANDA 104) que sí tiene canal propio '@amNazarenodelaRoda'. No se encontró canal propio para la de La Rambla, solo vídeos sueltos de terceros."
96,Agrupación Musical Nuestra Señora de las Angustias,Andújar,,2002.0,,2009.0,no_encontrado,,,Banda de Andújar (Jaén). Existe cuenta en X (@angustiasanduja) pero no se identificó canal de YouTube propio; los vídeos encontrados son de usuarios/canales de terceros o de la homónima de Granada.
97,Banda De Cornetas Y Tambores De Las Reales Cofradías Fusionadas,Málaga,,1980.0,,2008.0,dudoso,,"https://www.youtube.com/channel/UCaeqKl-GYyzVNM99WsKWAog (Canal 'RR.CC. FUSIONADAS', parece ser el canal general de la Hermandad Sacramental y Reales Cofradías Fusionadas de Málaga, no específicamente el de la banda de cornetas y tambores (que en 2024 se reconvirtió en 'Agrupación Musical Fusionadas'). Coincide con la web conocida bandafusionadas.blogspot.com.es a nivel de institución, pero no está confirmado que sea el canal propio de la formación musical.)",DESCARTADO: cambio de denominacion
98,Banda De Cornetas Y Tambores Nuestro Padre Jesús Caído,Córdoba,,1996.0,2007.0,2002.0,dudoso,,"https://www.youtube.com/channel/UCyYP9D0jweXaHxuy6EyTTKQ (Canal 'Banda Caído y Fuensanta', de la 'Banda de Cornetas y Tambores Nuestro Padre Jesús Caído y Nuestra Señora de la Fuensanta de Córdoba'. El nombre completo incluye 'y Nuestra Señora de la Fuensanta', que no coincide exactamente con el nombre registrado ('Nuestro Padre Jesús Caído'), por lo que no está claro si es la misma banda (posible cambio de nombre) o una diferente.)",DESCARTADO: fusionada para crear la banda caido y fuensanta
99,Banda De Cornetas Y Tambores Santísimo Cristo Del Amor,El Puerto De Santa María,,,2010.0,2009.0,no_encontrado,,,"Se encontró una página de Facebook de 'Banda de Cornetas y Tambores Cristo del Amor y de la Paz' (El Puerto de Santa María), pero el nombre no coincide exactamente y no se localizó canal de YouTube."
100,Banda De Cornetas Y Tambores Santísimo Cristo De La Victoria,León,,1995.0,,2005.0,exacto,https://www.youtube.com/@bandavictorialeon,,"Canal 'Stmo. Cristo de la Victoria - León', coincide con nombre completo, localidad y año de fundación (1994/1995); web propia bandavictoria.es."
101,Banda de Cornetas y Tambores Nuestra Señora del Carmen,Málaga,,2005.0,0.0,2012.0,exacto,https://www.youtube.com/@BCTCarmenMalaga,,"Canal oficial 'BCTCarmenMalaga' de la Banda de Cornetas y Tambores Ntra. Sra. del Carmen del Perchel (Málaga), fundada en 2005, coincide con localidad y año de fundación."
102,Agrupación Musical Nuestro Padre Jesús De Los Remedios,Castilleja De La Cuesta,,1984.0,1990.0,1990.0,no_encontrado,,,Banda extinta (1990) de Castilleja de la Cuesta; no se encontró ningún canal ni referencia clara en YouTube.
103,Agrupación Musical San Julián,Sevilla,,1986.0,1991.0,1988.0,no_encontrado,,,"Banda extinta (1991, Sevilla); sus miembros pasaron a formar la agrupación 'María Santísima de la Paz'. No se encontró canal de YouTube propio."
104,Agrupación Musical Nuestro Padre Jesús Nazareno,La Roda De Andalucía,,1995.0,,2001.0,exacto,https://www.youtube.com/@amNazarenodelaRoda,,Canal oficial de la Agrupación Musical Ntro. Padre Jesús Nazareno de La Roda de Andalucía (Sevilla); coincide con localidad y actividad reciente (conciertos y estrenos 2024-2025).
105,Agrupación Musical María Inmaculada,Castilleja De La Cuesta,,1984.0,,1996.0,no_encontrado,,,"Banda de Castilleja de la Cuesta; solo se encontraron vídeos sueltos subidos por terceros/particulares, ningún canal propio identificable."
106,Agrupación Musical Santa Cecilia,Sevilla,,2008.0,,2018.0,exacto,https://www.youtube.com/@SantaCeciliaSev,,"Canal 'Agrupación Musical Santa Cecilia Sevilla', confirmado distinto de la homónima de Aguilar de la Frontera (@AM_SantaCecilia); coincide con la web conocida santaceciliasevilla.es."
107,Banda De Cornetas Y Tambores Nuestra Señora Del Rosario,Arriate,,1994.0,,2016.0,exacto,https://www.youtube.com/channel/UCDeiJdD2kx12cbzfpcngOnA,,"Canal 'Rosario de Arriate' con numerosos vídeos etiquetados 'BCT Rosario (Arriate)', coincide con nombre completo y localidad."
108,Agrupación Musical Santísima Trinidad,Sevilla,,1986.0,1996.0,1990.0,no_encontrado,,,"Banda extinta (1996, Sevilla); no se encontró canal de YouTube propio, solo referencias históricas y canales no relacionados (p.ej. Salesianos Trinidad)."
109,Agrupación Musical La Estrella,Alcalá De Guadaira,,1974.0,2008.0,1996.0,no_encontrado,,,"Banda extinta (Alcalá de Guadaira). Solo aparece un canal de 'La Estrella de Jaén' (banda homónima distinta) y canales de la Banda de Música de Alcalá de Guadaíra, ninguno correspondiente a esta agrupación."
110,Agrupación Musical Vera Cruz,Campillos,,1981.0,,2011.0,exacto,https://www.youtube.com/@LaVeraCruzdeCampillos,"https://www.youtube.com/channel/UCX0qfK3q5pO0FYfTd9J3BQA (Canal titulado 'La Vera Cruz de Campillos' con vídeos de la banda (marchas, conciertos), pero existe otro canal idéntico en nombre (posible duplicado o canal Topic) y no se pudo confirmar cuál es el gestionado oficialmente por la banda.) | https://www.youtube.com/channel/UCgYnaqy7BzTAFGWVGlvegvQ (Segundo canal con el mismo nombre 'La Vera Cruz de Campillos', posiblemente canal Topic autogenerado o canal secundario.)","Hay abundante contenido en YouTube de la banda pero dos canales distintos con el mismo nombre, sin poder determinar cuál es el oficial gestionado por la agrupación."
111,Banda De Cornetas Y Tambores Lágrimas De San Pedro,Málaga,,2003.0,2011.0,2006.0,no_encontrado,,,Banda extinta (Málaga). Solo aparecen vídeos sueltos y CDs referenciados en tiendas de discos; no se encontró canal propio.
112,Banda De Cornetas Y Tambores Nuestra Señora De La Asunción,Jódar,,2007.0,,2013.0,exacto,https://www.youtube.com/@asunciondejodar,,"Canal 'Asunción Jódar' con vídeos propios de conciertos y actuaciones de la banda de Jódar (Jaén), coincide con su web asuncionjodar.com."
113,Banda De Cornetas Y Tambores Esencia,Sevilla,,2006.0,,2020.0,exacto,https://www.youtube.com/@ccyttesencia,,"Canal oficial de Banda de Cornetas y Tambores Esencia de Sevilla (también accesible como youtube.com/c/BandadeCCyTTEsencia), con conciertos y estrenos propios."
114,Banda De Cornetas Y Tambores Santísimo Cristo De La Expiración,Huéscar,,1966.0,,2000.0,exacto,https://www.youtube.com/channel/UCuBxtXWWheiQAs-uiJfU5tQ,,"Canal 'Banda de cornetas y tambores Expiración Huéscar', coincide con localidad (Huéscar) y nombre de la banda."
115,Agrupación Musical Santa Marta,Jerez De La Frontera,,1978.0,1997.0,1996.0,no_encontrado,,,Banda extinta desde 1997 (Jerez de la Frontera). Aparece un canal genérico llamado 'SANTA MARTA' sin poder confirmar relación con esta agrupación; se descarta por ambigüedad.
116,Banda De Cornetas Y Tambores San Eustaquio,Sanlúcar La Mayor,,,,1997.0,no_encontrado,,,No aparece canal propio en YouTube; solo referencias en directorios (Musicofrades) y blogs locales de Sanlúcar la Mayor.
117,Agrupación Musical Nuestro Padre Jesús Cautivo,Estepona,,2001.0,,2015.0,exacto,https://www.youtube.com/c/CautivodeEstepona,,"Canal 'Cautivo de Estepona', coincide con la banda y localidad (Estepona, Málaga)."
118,Agrupación Musical La Unión,Montilla,,1981.0,,2011.0,exacto,https://www.youtube.com/channel/UCjGQ6uVv-QQeNZOMGe8zCfg,,Canal 'Agrupacion Musical La Unión' con conciertos propios de 2020-2025 en Montilla.
119,Banda De Cornetas Y Tambores Santísimo Cristo De La Expiración,Jaén,,1995.0,,2012.0,no_encontrado,,,"Banda de Jaén (distinta de la homónima de Huéscar, ID 114). Solo se encontraron vídeos subidos por terceros/aficionados y un canal de YouTube Music, sin canal propio identificable."
120,Banda De Cornetas Y Tambores Nuestra Señora De Gracia,Carmona,,1995.0,,2004.0,exacto,https://www.youtube.com/@BandaCarmona23,,"Canal 'BCT Nuestra Señora de Gracia de Carmona', coincide con nombre y localidad."
121,Banda De Cornetas Y Tambores Sagrada Lanzada,Valladolid,,1998.0,,2006.0,dudoso,,"https://www.youtube.com/channel/UCRgv3VN_CZzHtzoBe7coadQ (Canal 'Agrupación Musical Cristo de la Sagrada Lanzada - Topic', es un canal Topic autogenerado por YouTube (no gestionado directamente por la banda), aunque el contenido coincide con la banda de Valladolid.)","Tienen web (sagradalanzada.com) y blog propios, pero no se localizó un canal de YouTube gestionado oficialmente por la banda, solo el canal Topic automático. | DESCARTADO"
122,Banda De Cornetas Y Tambores Amor De Cristo,San Juan De Aznalfarache,,2003.0,,2014.0,no_encontrado,,,Banda de San Juan de Aznalfarache. Solo se encontró blog (bandaccttamordecristo.blogspot.com) y páginas de Facebook; no se localizó canal propio de YouTube. Cuidado: existen bandas homónimas 'Amor de Cristo/Cristo del Amor' en otras localidades.
123,Banda De Cornetas Y Tambores Nuestro Padre Jesús De Los Remedios,Castilleja De La Cuesta,,1979.0,,1997.0,exacto,https://www.youtube.com/@bdelosremedios,,"Canal 'Banda CCTT Santísimo Cristo de los Remedios', coincide con Castilleja de la Cuesta, además hay web bdelosremedios.com."
124,Banda De Cornetas Y Tambores Nuestro Padre Jesús Del Gran Poder,Coria Del Rio,,1994.0,,2011.0,exacto,https://www.youtube.com/@bctgranpodercoriadelrio4977,,"Canal 'BCT Gran Poder Coria del Rio' con vídeos propios de marchas y actuaciones, coincide con la localidad."
125,Banda De Cornetas Y Tambores Santísimo Cristo De La Elevación,Campo De Criptana,,1991.0,,2014.0,exacto,https://www.youtube.com/user/CristoDeLaElevacion,,"Canal 'Banda Cristo de la Elevación' con numerosos vídeos propios de Campo de Criptana (Semana Santa, conciertos)."
129,Banda De Cornetas Y Tambores Nuestra Señora De La Salud,Córdoba,,2005.0,0.0,,exacto,https://www.youtube.com/@bandasaludcordoba,,"Canal 'Salud de Córdoba' con conciertos y estrenos propios recientes (2023-2025), coincide con la web wordpress conocida."
130,Banda de Cornetas y Tambores del Real Cuerpo de Bomberos,Málaga,,1911.0,0.0,2011.0,exacto,https://www.youtube.com/@BandadelRealCuerpodeBomberosde,"https://www.youtube.com/channel/UCNDMiTtc1ZAEKg4wYB70ypA (Canal 'Banda de Cornetas y Tambores Real Cuerpo de Bomberos - Topic', canal Topic autogenerado, no gestionado directamente por la banda.)","Hay muchos vídeos de terceros (documentales, actuaciones) pero no se identificó un canal propio gestionado oficialmente por la banda, solo el canal Topic."
131,Banda De Cornetas Y Tambores Nuestra Señora Del Rosario,Linares,,2000.0,0.0,2009.0,exacto,https://www.youtube.com/@rosariodlinares,,"Canal 'Rosario de Linares' con vídeos y playlist propios, coincide con la localidad (Linares) y cuenta X asociada."
132,Banda de Cornetas y Tambores Maestro Patón,Sevilla,,1970.0,1991.0,1982.0,no_encontrado,,,Banda extinta desde 1991. Solo aparecen vídeos antiguos (VHS 1987-1990) subidos por aficionados; no hay canal propio.
134,Banda de Cornetas y Tambores de la Policía Armada,Sevilla,,1940.0,1976.0,1967.0,no_encontrado,,,"Banda disuelta en 1976. No se encontró canal propio, solo referencias históricas y homenajes de otras bandas (Esencia)."
135,Banda De Cornetas Y Tambores María Santísima Del Amor,Úbeda,,1990.0,0.0,2013.0,exacto,https://www.youtube.com/@bandadelamor8817,,Canal 'Banda del Amor' con vídeos específicos 'BCT Amor (Úbeda)' y relación confirmada con la Hermandad de la Entrada en Jerusalén y María Santísima del Amor de Úbeda.
136,Banda de Cornetas y Tambores Amor y Sacrificio,Lebrija,,2009.0,0.0,2013.0,exacto,https://www.youtube.com/@bctamorysacrificiolebrija7483,"https://www.youtube.com/channel/UCt51U8BcA_gyDGcrZj2qOpw (Canal 'BCT Amor y Sacrificio', nombre coincide con la banda de Lebrija pero no se pudo verificar contenido con certeza.) | https://www.youtube.com/channel/UCr2OxBDdyZitRWlCkXuT2HA (Canal alternativo 'Amor y Sacrificio Lebrija', también candidato plausible; existen dos canales y no está claro cuál es el oficial vigente.)","Dos canales candidatos con nombres muy similares, no se pudo determinar con certeza cuál es el oficial actual de la banda."
137,Agrupación Musical Santísimo Cristo de la Vera-Cruz,La Puebla De Cazalla,,1995.0,0.0,2010.0,no_encontrado,,,Banda de La Puebla de Cazalla. Solo se encontró web propia (amveracruz.com) y páginas de Facebook; no se localizó canal de YouTube.
138,Banda de Cornetas y Tambores Nuestro Padre Jesús Nazareno,Cáceres,,2001.0,0.0,2007.0,no_encontrado,,,"Banda de Cáceres. Existen numerosas bandas homónimas 'Jesús Nazareno' en otras localidades (Arahal, Guadalajara, La Bañeza, Mairena del Alcor); ninguna corresponde a Cáceres, no se encontró canal propio."
139,"Banda de Cornetas y Tambores Santísimo Cristo de la Columna ""El Amarrado""",Ávila,,1998.0,0.0,2008.0,exacto,https://www.youtube.com/channel/UCyy1xrzvmq7OsBIBme3lVuQ,,"Canal 'B.C.T ""El Amarrado"" de Ávila', coincide exactamente con nombre y localidad, con numerosos vídeos propios de conciertos."
140,Banda de Cornetas y Tambores Nuestra Señora del Prado-La Pasión,Ciudad Real,,1991.0,0.0,2001.0,no_encontrado,,,"Solo aparecen un vídeo suelto (posible subida de terceros 'Esencia Cofrade'), una web blogspot y Facebook, pero ningún canal de YouTube propio identificable."
141,Banda De Cornetas Y Tambores Jesús Nazareno,Huelva,,1987.0,0.0,2008.0,exacto,https://www.youtube.com/channel/UCaIEA97Nql2HbfDtWKY9HlQ,,"Canal 'BCT Jesús Nazareno', coincide con la banda de Huelva; confirmado por su web oficial nazarenohuelva.com."
142,Banda de Cornetas y Tambores San Luis Bertrán,Valencia,,1999.0,0.0,2013.0,exacto,https://www.youtube.com/@bandasanluisbertran6506,,"Canal 'Banda San Luis Bertran', videos y certámenes coinciden con la banda de Valencia."
143,Banda de Cornetas y Tambores Santa Cruz,Almería,,1996.0,0.0,2007.0,exacto,https://www.youtube.com/c/BCTSantaCruzAlmeria,,Canal 'BCT Santa Cruz Almería' coincide con nombre y localidad.
144,Banda De Cornetas Y Tambores Cristo Del Amor,Guadalcanal,,2011.0,0.0,2013.0,no_encontrado,,,"Solo aparecen bandas homónimas 'Cristo del Amor y de la Paz' u otras, no específicamente de Guadalcanal."
145,Banda de Cornetas y Tambores Nuestra Señora del Rosario,Brenes,,2002.0,2013.0,2003.0,no_encontrado,,,"Solo aparecen bandas homónimas de Linares y Cádiz, ninguna específicamente de Brenes."
146,Agrupación Musical Sagrada Resurrección,Sanlúcar De Barrameda,,0.0,0.0,2013.0,exacto,https://www.youtube.com/channel/UCiV-UmbDvRY7D37K5vFiymg,,"Canal 'Agrupación Musical Sagrada resurrección', coincide con la banda de Sanlúcar de Barrameda."
147,Agrupación Musical Santa María la Blanca,Los Palacios Y Villafranca,,1981.0,0.0,1997.0,no_encontrado,,,"Solo aparecen vídeos sueltos de certámenes, sin canal propio identificable."
148,Banda De Cornetas Y Tambores María Santísima De La Palma,Marchena,,1988.0,0.0,2003.0,exacto,https://www.youtube.com/channel/UCXRg-TmhcaW1yGkGy_ayitg,,"Canal 'Banda La Palma Marchena', coincide con nombre y localidad."
150,Banda de Cornetas y Tambores Nuestro Padre Jesús Nazareno,Talavera De La Reina,,1993.0,0.0,,dudoso,,"https://www.youtube.com/channel/UCwwklAv56p0ApfPQX1nHyqw (Canal 'AM Ntro padre Jesús Nazareno de Talavera', pero aparece como 'Agrupación Musical' no como 'Banda de Cornetas y Tambores'; podría ser la misma entidad u otra distinta ligada a la misma hermandad.) | https://www.youtube.com/@bandademusicahdad.ntro.pad6174 (Canal 'Banda de Música Hdad. Ntro. Padre Jesús Nazareno', también de Talavera de la Reina, podría ser otra formación musical de la misma hermandad.)","En Talavera de la Reina parece haber varias formaciones musicales asociadas a la misma hermandad (AM, banda de música, banda de cornetas y tambores) y no está claro cuál corresponde exactamente al registro de la BD. | DESCARTADO: cambio de denominación"
151,Banda de Cornetas y Tambores Nuestro Señor en la columna,Úbeda,,2003.0,0.0,,no_encontrado,,,"Solo se encontró su blog (bandaccyttlacolumnaubeda.blogspot.com), sin canal de YouTube identificable."
152,Banda de Cornetas y Tambores Santísimo Cristo de la Fe y del Consuelo,Martos,,1991.0,0.0,,exacto,https://www.youtube.com/channel/UC8epd2c64uC2YQ-Pn5mCmmQ,,"Canal 'Fe y Consuelo Martos', coincide con nombre y localidad."
153,Agrupación Musical Nuestra Señora la Virgen de la Amargura (Paso Blanco),Lorca,,1995.0,0.0,,exacto,https://www.youtube.com/channel/UC79Q2qJFGYOVqZsPUwxLMxw,,"Canal 'Amargura de Lorca', coincide con la agrupación del Paso Blanco de Lorca."
154,Banda de Cornetas y Tambores Santísimo Cristo de la Vera Cruz,Pilas,,0.0,2008.0,,no_encontrado,,,"Solo aparecen bandas homónimas 'Vera Cruz' de Utrera, Los Palacios y Almogía; ninguna específicamente de Pilas."
155,Banda de Cornetas y Tambores Virgen Morena,Ocaña,,1974.0,0.0,,exacto,https://www.youtube.com/user/BandaVirgenMorena,,"Canal 'Banda Virgen Morena', coincide con nombre y localidad (Ocaña, Toledo); referencian su 40 aniversario."
156,Banda De Cornetas Y Tambores Santísimo Sacramento De Minerva Y Santa Vera Cruz,León,,1960.0,0.0,2006.0,no_encontrado,,,"Solo se encontró una cuenta de Twitter/X ('Banda Minerva'), no un canal de YouTube claro."
157,Agrupación Musical María Santísima de las Angustias Coronada (Los Gitanos),Sevilla,,2003.0,0.0,,dudoso,,"https://www.youtube.com/playlist?list=PLhbWgndmky4I7exe684IT1JI_iQX9zpt0 (Playlist de 'Agrupación Musical Juvenil Mª Santísima de las Angustias Coronada (Los Gitanos)'; corresponde a la sección juvenil, no está claro si es la misma entidad que la banda principal (Sección Musical Los Gitanos) de la BD.)","La web conocida es de la 'Sección Musical' de la Hermandad de los Gitanos; no se localizó un canal oficial claro de esa sección adulta, solo de la agrupación juvenil y vídeos de terceros. | DESCARTADO"
158,"Banda de Cornetas y Tambores Santísimo Cristo de la Columna y Maria Santisima de la Amargura ""Los Coloraos""",Daimiel,,1998.0,0.0,2013.0,exacto,https://www.youtube.com/user/bandacoloraos28,,"Canal 'BCT Los Coloraos - Daimiel', coincide con nombre y localidad."
159,Agrupación Musical Santísimo Cristo de la Bondad,Alcalá De Guadaíra,,0.0,0.0,2010.0,no_encontrado,,,"Solo aparecen vídeos sueltos y redes sociales (Instagram, Facebook, X), sin canal de YouTube propio identificable."
160,Agrupación Musical Nuestro Padre Jesús De La Vera + Cruz,Palma Del Río,Córdoba,2006.0,0.0,,no_encontrado,,,Solo se encontró su blog y un canal 'Sección Musical Vera Cruz' de identidad ambigua (posible homónimo no verificado de Palma del Río).
161,"Agrupación Musical ""José Serrano Alcobendas""",Palma Del Río,,1982.0,2006.0,,no_encontrado,,,Banda extinta (fusionada en 2006); no se encontró canal de YouTube propio. Un canal 'Agrupación Señor Serrano' no coincide claramente en nombre.
162,Agrupación Musical Franjira - Santo Sepulcro,Palma Del Río,,1954.0,2006.0,,no_encontrado,,,"Banda extinta (fusionada en 2006), no se encontró canal de YouTube."
163,Agrupación Musical La Redención,Palma De Mallorca,,2004.0,0.0,2011.0,no_encontrado,,,No se encontró canal de YouTube propio; los resultados se confunden con una agrupación homónima de Sevilla.
164,Banda de Cornetas y Tambores Santa María del Triunfo,Granada,,1990.0,2002.0,1999.0,no_encontrado,,,"Banda extinta de Granada, no se encontró canal ni vídeos propios en YouTube."
165,Agrupación Musical Cristo Rey de los Judíos,Bollullos Par Del Condado,,2004.0,0.0,2005.0,no_encontrado,,,No se encontró canal de YouTube ni vídeos propios.
166,Banda De Cornetas Y Tambores De La Archicofradía Del Paso Y La Esperanza,Málaga,Málaga,1998.0,0.0,2014.0,no_encontrado,,,"Solo aparece un vídeo suelto y su web (bctlaesperanza.com), sin canal de YouTube propio identificado claramente."
167,Agrupación Musical Nuestra Señora Del Rosario,Crevillente,,1990.0,0.0,2013.0,exacto,https://www.youtube.com/channel/UCt5XHTaWOC4A5jzgdtQ8q8w,,"Canal 'Rosario de Crevillent', coincide con nombre y localidad."
168,Banda de Cornetas y Tambores La Humildad,Torreperogil,Jaén,2006.0,0.0,2013.0,no_encontrado,,,"Solo aparecen vídeos sueltos (2013, 2023) subidos por terceros; no se localiza canal propio de la banda."
169,Banda de la Cruz Roja,Jerez De La Frontera,Cádiz,0.0,1981.0,1981.0,no_encontrado,,,"Extinta desde 1981. Las búsquedas devuelven bandas homónimas de Cruz Roja en Sevilla y San Fernando, no específicamente Jerez de la Frontera."
170,Agrpación Musical Santísimo Cristo De Los Afligidos,Utrera,Sevilla,0.0,2009.0,1999.0,no_encontrado,,,Solo aparecen referencias en discografía/blogs y Spotify; sin canal de YouTube identificado.
171,Banda de Cornetas y Tambores Nuestra Señora del Carmen Coronada,San Fernando,Cádiz,0.0,2009.0,2005.0,no_encontrado,,,"Solo se encuentra el canal de la Hermandad/Archicofradía del Carmen Coronada, no un canal propio de la banda musical."
172,Agrupación Musical Nuestro Padre Jesús Nazareno,La Palma Del Condado,Huelva,1984.0,0.0,2012.0,exacto,https://www.youtube.com/channel/UCP02pxg4NH-Eqpq-08EkNHw,,"Canal ""AM Nazareno | La Palma del Condado"" con vídeos propios de estrenos y actuaciones de la banda."
173,Agrupación Musical Cofradía de Nuestra Señora de las Angustias y Soledad,León,León,1991.0,0.0,2012.0,exacto,https://www.youtube.com/@am_angustias,,"Canal ""A.M. Angustias y Soledad - León"" con conciertos y estrenos propios de la agrupación."
174,Agrupación Musical Santísimo Cristo De La Buena Muerte,Linares,Jaén,0.0,2002.0,2002.0,no_encontrado,,,No aparece canal propio; solo referencias en directorios (Musicofrades) y prensa local.
175,Banda de Cornetas y Tambores Nuestro Padre Jesús Nazareno,Arahal,Sevilla,1992.0,0.0,2017.0,exacto,https://www.youtube.com/@BandaNazareno.Arahal,,"Canal ""Banda Nazareno Arahal"", con DVDs, conciertos de presentación de disco y vídeos propios."
176,Agrupación Musical Virgen de la Soledad,Huéscar,Granada,1986.0,0.0,1993.0,dudoso,,"https://www.youtube.com/playlist?list=PL2AFnVaWFLvLHMOXYbOcQJ4NnNzkZ5g5H (Playlist específica ""Agrupación Musical Virgen de la Soledad. Huéscar"" con contenido propio de la banda, pero no se identifica el canal/handle que la aloja como oficial de la agrupación (en redes usan @amsoledadhuescar, no confirmado en YouTube).)",DESCARTADO
177,Agrupación Musical Nuestro Padre Jesús de la Salud,Churriana De La Vega,Granada,2001.0,0.0,2010.0,no_encontrado,,,"Los vídeos encontrados son de la banda invitada AM Exfiliana tocando en Churriana de la Vega, no de una banda propia con canal identificable."
178,Banda de Cornetas y Tambores Coronación,Campillos,Málaga,0.0,0.0,2006.0,exacto,https://www.youtube.com/channel/UCOv26U0L8q70aQmP6pl_4_Q,,"Canal ""Coronación Campillos Oficial"", explícitamente etiquetado como oficial de la banda."
179,Agrupación Musical Santa Vera Cruz,Castro Del Río,Córdoba,2011.0,0.0,2013.0,no_encontrado,,,El canal 'Sección Musical Vera Cruz' encontrado no se confirma como el mismo grupo (extinto) de Castro del Río; hay varias bandas homónimas Vera Cruz en otras localidades.
180,Banda De Cornetas Y Tambores Del Santísimo Cristo Del Perdón Y Nuestra Señora De La Amargura,Pozoblanco,Córdoba,1991.0,0.0,2006.0,no_encontrado,,,Solo vídeos sueltos subidos por terceros/aficionados; no se localiza canal propio de la banda de Pozoblanco.
181,Banda de Cornetas y Tambores Nuestra Señora de la Antigua,Sevilla,Sevilla,0.0,0.0,,no_encontrado,,,"La búsqueda solo devuelve bandas homónimas distintas de Sevilla (Ntra. Sra. del Sol, Esencia, etc.), no un canal propio de esta banda."
182,Banda de Cornetas y Tambores Nuestra Señora de las Angustias,Porcuna,Jaén,0.0,0.0,,no_encontrado,,,Solo aparece un vídeo suelto de 2011 y el blog oficial; no se identifica canal de YouTube propio.
183,"Agrupación Musical Nuestro Padre Jesús Nazareno, Cristo de la Caridad y María Santísima en su Soledad",Hinojosa Del Duque,Córdoba,0.0,0.0,,dudoso,,"https://www.youtube.com/playlist?list=PL2f6CeNO631LCmqCCxvUFmr9QyZnjOgAE (Playlist específica de la banda de Hinojosa del Duque, pero aloja en un canal que reúne playlists de varias bandas distintas (no exclusivo de esta agrupación), y el canal 'Topic' asociado es autogenerado.)",DESCARTADO
184,Banda de Cornetas y Tambores Santísima Sangre de Cristo,Elche,Alicante,0.0,0.0,,dudoso,,"https://www.youtube.com/channel/UCL1so9oOcC1RtmNS6jUsxXw (Canal ""Banda de la Sangre"", nombre coherente con la banda y su web bandasangre.es, pero no se pudo confirmar con certeza que sea el canal gestionado oficialmente por la banda.)",DESCARTADO
185,Agrupación Musical Nuestro Padre Jesús Cautivo,Alcaudete,Jaén,2000.0,0.0,,no_encontrado,,,"Solo aparece un vídeo documental suelto y presencia en Facebook; no se localiza canal de YouTube propio (hay bandas homónimas en Cazorla, Dos Hermanas, Estepona)."
186,Banda de Cornetas y Tambores María Santísima del Amor y Paz,Montoro,Córdoba,0.0,0.0,,no_encontrado,,,Solo un vídeo suelto de una marcha; no se identifica canal propio (existe cuenta X @BCTAmoryPaz pero no canal de YouTube confirmado).
187,Banda de Cornetas y Tambores Nuestro Padre Jesús Nazareno y María Santísima de la Soledad,Astorga,León,0.0,0.0,,no_encontrado,,,"Aparece una playlist de un encuentro musical relacionado, pero no un canal propio de la banda."
188,Banda De Cornetas Y Tambores Rosario Y Victoria,Brenes,Sevilla,0.0,0.0,2017.0,exacto,https://www.youtube.com/@BandadeccyttRosarioyvictoria,,Canal con handle explícito de la banda de Brenes.
189,Agrupación Musical SPQR los Romanos,Iznájar,Córdoba,0.0,0.0,,no_encontrado,,,Los vídeos encontrados están subidos por canales de certámenes/terceros; no se localiza canal propio de la agrupación.
190,Banda de Cornetas y Tambores Nuestro Padre Jesús Nazareno,Fuente Palmera,Córdoba,0.0,0.0,,no_encontrado,,,"Existe web Wix y blog oficial, pero no se localiza canal de YouTube propio; solo vídeos sueltos de terceros."
191,Agrupación Musical Santa Cecilia,Aguilar De La Frontera,Córdoba,0.0,0.0,,exacto,https://www.youtube.com/user/SantaCeciliaAguilar,,"Canal oficial con conciertos, estrenos y actuaciones propias de la agrupación de Aguilar de la Frontera."
192,Banda de Cornetas y Tambores Nuestro Padre Jesús Nazareno,Lepe,Huelva,2006.0,0.0,,no_encontrado,,,Solo un vídeo suelto de 2023 subido por terceros; no se localiza canal propio de la banda de Lepe.
193,Agrupación Musical Cristo Yacente,Salamanca,Salamanca,2002.0,0.0,,exacto,https://www.youtube.com/channel/UC9iLCSklPyOO7bMd4Zm1w3Q,,"Canal ""AM Cristo Yacente Salamanca"" con conciertos y actuaciones propias de la agrupación."
194,Banda De Cornetas Y Tambores Nuestro Padre Jesús De La Sentencia,Almuñécar,Granada,2002.0,0.0,,no_encontrado,,,"Solo un vídeo suelto de 2021; presencia en blog y X (@BandaSentencia), pero no se localiza canal de YouTube propio."
195,Agrupación Musical Nuestra Señora Del Mar,Huércal De Almería,Almería,2005.0,0.0,,exacto,https://www.youtube.com/channel/UCRIFkVrHSl5GrObjGpdAx9Q,,"Canal titulado 'Agrupación Musical Nuestra Señora del Mar', coincide con banda y localidad (Huércal de Almería). Web oficial amntrasradelmar.es coincide."
196,Agrupación Musical Ecce Mater,Cádiz,Cádiz,2006.0,0.0,2017.0,exacto,https://www.youtube.com/channel/UC6XAU5rKbPcMh9whBfRqd8w,,"Canal 'AM Ecce Mater', numerosos vídeos propios de conciertos y marchas de la agrupación de Cádiz."
197,Agrupación Musical Santo Ángel Custodio,Rute,Córdoba,2009.0,0.0,,exacto,https://www.youtube.com/channel/UCN95T0JaO3S_ZjupXVyOL8A,,"Canal 'AM Santo Ángel Custodio Rute', coincide con localidad (Rute, Córdoba)."
198,AM Nuestro Padre Jesús Nazareno ,Villa Del Río,Córdoba,1999.0,0.0,2014.0,no_encontrado,,,Solo se encontraron blogs (amlamadruga.blogspot.com) y vídeos sueltos de terceros; no aparece canal propio de YouTube.
199,Agrupación Musical Nuestro Padre Jesús Cautivo,Granada,Granada,2010.0,0.0,,no_encontrado,,,"Aparece su web amcautivogranada.es y vídeos de terceros, pero no un canal propio identificable; existe banda homónima 'Jesús del Rescate' (antes Cautivo) en Granada que genera confusión."
200,Agrupación Musical Santa Cruz,Huelva,Huelva,2001.0,0.0,,exacto,https://www.youtube.com/channel/UCY4Yb4qxEeL6akoypiH9d6w,,"Canal 'Santa Cruz de Huelva', coincide con nombre y localidad, con uploads recientes."
201,Agrupación Musical Arroquia Martínez,Jódar,Jaén,1980.0,0.0,2017.0,exacto,https://www.youtube.com/c/amArroquiaMartinez,,"Canal 'A. M. Arroquia Martínez', coincide con banda de Jódar (Jaén); también accesible como youtube.com/user/amarroquiamartinez."
202,Agrupación Musical Virgen De Gracia,Archidona,Málaga,2010.0,0.0,2016.0,exacto,https://www.youtube.com/channel/UC2KmqxlTqqchFmIoXAzXKdA,,"Canal 'Agrupación Musical Virgen de Gracia' con múltiples vídeos específicos de Archidona (Málaga); existe otra banda homónima en Villarreal, verificado que este canal corresponde a Archidona."
203,Agrupación Musical Nuestra Señora Del Juncal,Sevilla,Sevilla,2012.0,2018.0,,exacto,https://www.youtube.com/@AMJuncalOficial,,"Handle explícito 'AMJuncalOficial', coincide con banda de Sevilla."
204,Agrupación Musical Veterana,Sevilla,Sevilla,2013.0,0.0,,no_encontrado,,,Numerosos vídeos de sus actuaciones pero no se identifica un canal propio oficial (solo Facebook 'VeteranadeSevillaOficial' y X @VeteranaSevilla).
205,Banda De Cornetas Y Tambores Nuestro Padre Jesús De Las Tres Caídas,Arcos De La Frontera,Cádiz,1989.0,0.0,,exacto,https://www.youtube.com/user/BandaTresCaidasArcos,,"Canal 'BandaTresCaidasArcos', coincide directamente con banda y localidad (Arcos de la Frontera)."
206,Banda de Cornetas y Tambores Sayones de Nuestro Padre Jesús Nazareno,Pozoblanco,Córdoba,1972.0,0.0,,exacto,https://www.youtube.com/c/BandaSayones,,"Canal 'Banda Sayones', confirmado por Facebook 'Banda Sayones Pozoblanco' como la misma banda."
207,Banda De Cornetas Y Tambores Nuestro Padre Jesús De Las Tres Caídas Del Realejo,Granada,Granada,2002.0,0.0,,no_encontrado,,,Solo aparecen vídeos subidos por terceros/aficionados de sus salidas procesionales en Granada; no se identifica canal propio oficial.
208,Banda de Cornetas y Tambores Nuestro Padre Jesús del Gran Poder,Granada,Granada,2006.0,0.0,,exacto,https://www.youtube.com/channel/UCpLPhSoWmybIgE6Nyd9lzoA,,"Canal 'Banda Cornetas y Tambores Gran Poder de Granada', coincide con banda y localidad."
209,Banda De Cornetas Y Tambores Virgen De La Salud,Huelva,Huelva,1996.0,0.0,,exacto,https://www.youtube.com/@BCTSaludHuelva,"https://www.youtube.com/c/Expiraci%C3%B3nSaludyEsperanza (En 2019 esta banda (Virgen de la Salud) se fusionó con la Banda del Cristo de la Expiración de Huelva formando 'Expiración, Salud y Esperanza'. El canal es de la banda fusionada/sucesora, no un canal propio exclusivo de 'Virgen de la Salud' como entidad independiente.)",No se encontró canal propio previo a la fusión de 2019; existe posible homónimo 'Salud de Córdoba' (@bandasaludcordoba) que no corresponde a esta banda de Huelva.
210,Banda De Cornetas Y Tambores Cristo De La Expiración,Huelva,Huelva,1985.0,0.0,,dudoso,,"https://www.youtube.com/c/Expiraci%C3%B3nSaludyEsperanza (Tras la fusión de 2019 con Virgen de la Salud, la banda pasó a llamarse 'Expiración, Salud y Esperanza'; el canal corresponde a la banda sucesora/fusionada, no exclusivamente a 'Cristo de la Expiración' como entidad independiente.)",Coincide con la fecha de extinción registrada (fusión 2019); no hay canal propio identificado previo a la fusión. | DESCARTADO
211,Banda De Cornetas Y Tambores San Francisco Javier,Sevilla,Sevilla,1988.0,1998.0,,no_encontrado,,,Banda extinta en 1998 (pre-YouTube); no aparece ningún resultado específico en la búsqueda.
212,Banda de Cornetas y Tambores Nuestra Señora de la Merced,El Viso Del Alcor,Sevilla,2003.0,0.0,,no_encontrado,,,"Existe web propia (ccttmercedviso.com) y numerosas noticias, pero no se localizó un canal de YouTube propio en los resultados."
213,Banda De Cornetas Y Tambores Santo Cristo Varón De Dolores,Sevilla,Sevilla,1989.0,0.0,,no_encontrado,,,Es la sección juvenil de la Banda del SôL; se encontró su blog (bandavarondedolores.blogspot.com) pero no un canal de YouTube propio identificable.
214,Banda De Cornetas Y Tambores Nuestra Señora Del Carmen,Sevilla,Sevilla,2006.0,0.0,,no_encontrado,,,"Los resultados solo muestran una banda homónima de Málaga (@BCTCarmenMalaga, distinta banda); no se encontró canal para la banda de Sevilla."
215,Agrupación Musical Columna y Lágrimas,Baeza,Jaén,1996.0,0.0,2006.0,no_encontrado,,,Solo aparecen vídeos sueltos subidos por terceros; no se identifica canal propio de la agrupación de Baeza.
216,Agrupación Musical Nuestro Padre Jesús Nazareno y María Santísia de los Dolores,Gilena,Sevilla,0.0,0.0,2013.0,exacto,https://www.youtube.com/@agrupacionmusicaldegilena,,Handle 'agrupacionmusicaldegilena' coincide con su web oficial agrupacionmusicaldegilena.com y banda de Gilena.
217,Agrupación Musical San Fernando Rey,Burgos,Burgos,0.0,0.0,2005.0,no_encontrado,,,Solo aparece un vídeo suelto de 2009 subido por terceros; no se localiza canal propio de la agrupación de Burgos.
218,Banda De Cornetas Y Tambores Nuestro Padre Jesús Rescatado,Córdoba,Córdoba,2011.0,2015.0,2014.0,no_encontrado,,,"Existen varias bandas homónimas 'Jesús Rescatado' en otras localidades (Pozoblanco -Los Tolitos-, La Solana y Villanueva de los Infantes en Ciudad Real), ninguna corresponde a la banda de Córdoba capital (extinta 2015, web bandarescatadocordoba.org); no se encontró canal propio de esta última."
219,Banda de Cornetas y Tambores Santísimo Cristo del Ecce - Homo,Abarán,Murcia,0.0,0.0,,no_encontrado,,,"Tiene Facebook oficial (eccehom0abaran) y cuenta X (@cctteccehomo), pero los vídeos de YouTube encontrados están subidos por canales de certámenes/terceros; no se identifica canal propio."
220,Banda de Cornetas y Tambores de la Fervorosa Hermandad de la Flagelación y Gloria,Elche,Alicante,0.0,0.0,,exacto,https://www.youtube.com/c/BctFlagelacionyGloria,,"Canal 'Bct Flagelacion y Gloria', coincide con la banda de Elche."
221,Agrupación Musical de Córdoba,Córdoba,Córdoba,0.0,2002.0,,no_encontrado,,,Nombre demasiado genérico y banda extinta desde 2002; no aparece ningún resultado plausible.
222,Agrupación Musical Santísimo Cristo de la Humildad y Paciencia,El Puerto De Santa María,Cádiz,1987.0,0.0,,no_encontrado,,,"Solo aparecen vídeos sueltos de terceros (medios locales, OndaPasion) y perfiles de Instagram/X (@AMHumildadPacie, @hdad.humildadypaciencia); no se localiza un canal de YouTube propio de la agrupación."
223,Banda de Cornetas y Tambores Nuestra Señora del Dolor,Hellín,Albacete,2005.0,0.0,,no_encontrado,,,La búsqueda devuelve sobre todo bandas homónimas de 'Nuestra Señora del Sol' de otras localidades; hay Instagram (@bandadeldolor) pero no un canal de YouTube identificable de Hellín.
224,Agrupación Musical San Juan de Jerusalén,Madridejos,Toledo,1959.0,0.0,2014.0,no_encontrado,,,"El único canal 'Agrupación Musical San Juan (Oficial)' encontrado corresponde a Jerez de la Frontera (Cádiz), no a Madridejos (Toledo). La web oficial (amsanjuanjerusalen.com) referencia vídeos propios pero no un canal de YouTube."
225,Banda de Cornetas y Tambores Nuestro Padre Jesús Nazareno Rescatado,Valdepeñas,Ciudad Real,1992.0,0.0,2013.0,no_encontrado,,,"Se encuentran vídeos sueltos ('Marcha Rocío', 'Spot 20 Aniversario') de terceros sobre la banda de Valdepeñas, pero no un canal propio; existen bandas homónimas 'Rescatado' en La Solana y Villanueva de los Infantes que generan confusión."
226,Agrupación Musical Muchachos de Consolación,Utrera,Sevilla,1960.0,0.0,2008.0,exacto,https://www.youtube.com/@ammuchachosdeconsolacion,"https://www.youtube.com/playlist?list=PLMy8Tfj85UmPuMEcKdautw5hKU8kzq1wp (Playlist específica titulada 'AM Muchachos de Consolación (Utrera)' con numerosos vídeos de la agrupación, pero no se ha podido confirmar el canal propietario ni si es gestionado por la propia banda.)","Múltiples vídeos individuales bien identificados con el nombre de la banda, pero sin canal oficial claramente identificado."
227,Agrupación Musical La Pollinica,Marbella,Málaga,1970.0,0.0,2014.0,dudoso,,"https://www.youtube.com/channel/UCihXPkkXw-Syl23oS8kRXNQ (Canal 'Pollinica Marbella' con vídeos de la agrupación musical (p.ej. 'La saeta. Agrupación Musical la Pollinica de Marbella'), pero podría corresponder a la Hermandad de la Pollinica en general y no exclusivamente a la banda musical.)",DESCARTADO
228,Agrupación Musical La Paz,Palma De Mallorca,,2008.0,0.0,,no_encontrado,,,Solo aparece ficha en directorio Musicofrades; sin resultados de YouTube.
229,Banda de Cornetas y Tambores Santísimo Cristo de la Expiración,Sabiote,Jaén,1998.0,0.0,,no_encontrado,,,"Los resultados corresponden a bandas homónimas 'Expiración' de Jaén capital, Morón de la Frontera y Huéscar; no se localiza canal específico de Sabiote."
230,Banda de Cornetas y Tambores Santísimo Cristo Despojado,Valladolid,Valladolid,1945.0,0.0,,no_encontrado,,,No se encuentra canal propio; resultados dominados por bandas homónimas 'Despojado' de Granada y otras localidades.
231,Banda de Cornetas y Tambores La Caída,San Lorenzo De El Escorial,Madrid,1986.0,0.0,,no_encontrado,,,"Existe blog (bandalacaida.blogspot.com) y ficha en directorios, pero no se localiza canal de YouTube."
232,Banda de Cornetas y Tambores Nuestro Padre Jesús Cautivo,Talavera De La Reina,Toledo,1995.0,0.0,,no_encontrado,,,Los resultados corresponden casi en exclusiva a la banda homónima 'Jesús Cautivo' de Málaga; no se encuentra nada específico de Talavera de la Reina.
233,Banda de Cornetas y Tambores El Buen Camino,Humanes,Guadalajara,2007.0,0.0,,no_encontrado,,,"Blog y Facebook localizados, sin canal de YouTube propio identificado."
234,Agrupación Musical Santísimo Cristo de la Vera+Cruz,Albaida Del Aljarafe,Sevilla,1980.0,2004.0,,no_encontrado,,,"Banda extinta desde 2004; solo se localizan Facebook e Instagram, sin YouTube."
235,Banda de Cornetas y Tambores Santísimo Cristo de la Buena Muerte,Palencia,Palencia,2006.0,0.0,,no_encontrado,,,"Solo aparece playlist de un canal recopilatorio de terceros ('PL2f6CeNO631...'), no un canal oficial de la banda."
236,Banda de Cornetas y Tambores Padre Nuestro,Palencia,Palencia,2001.0,0.0,,no_encontrado,,,Solo se localizan blog y foro; ningún resultado de YouTube.
237,Agrupación Musical Virgen de la Amargura,Ferrol,,2007.0,0.0,,no_encontrado,,,"Web oficial y Facebook localizados, pero los vídeos de YouTube encontrados pertenecen a bandas homónimas de Lorca y Santander, no a la de Ferrol."
238,Agrupación Musical Santo Cristo De La Bienaventuranza,León,León,2011.0,0.0,,no_encontrado,,,"Existen numerosos vídeos etiquetados 'AM SCB León' desde 2014, pero repartidos en subidas sueltas sin un canal de YouTube único identificable como oficial."
239,Agrupación Musical Santo Sepulcro - Esperanza de la Vida,León,León,1992.0,0.0,,dudoso,,"https://www.youtube.com/channel/UC0K6X5xXzcm2GWNCR6oEtrg (Canal 'Cofradía Santo Sepulcro - Esperanza de la Vida (León)' con nombre coincidente, pero parece ser el canal de la cofradía en general y no específicamente de la agrupación musical.)",
240,Banda De Cornetas Y Tambores Nuestro Padre Jesús Cautivo,Málaga,Málaga,2008.0,0.0,2015.0,no_encontrado,,,"Presencia fuerte en Instagram/Facebook (@bandacautivomalaga) pero el contenido de YouTube localizado es solo una playlist de un canal recopilatorio de terceros, no un canal propio."
241,Agrupación Musical La Expiración,Salamanca,Salamanca,1998.0,0.0,,exacto,https://www.youtube.com/@amlaexpiraciondesalamanca,,"Canal 'Agrupación Musical La Expiración-Salamanca', nombre y localidad coinciden claramente. También existe un canal alternativo/histórico en https://www.youtube.com/channel/UCRgfsSQnMxgfxtnCHeV5d7g."
242,Agrupación Musical Dulce Nombre de Jesús Nazareno,León,León,2005.0,0.0,,dudoso,,"https://www.youtube.com/playlist?list=PLYUAbhbooXiymnITeNhctvI8TM0xgstYh (Playlist 'A.M. Dulce Nombre de Jesús Nazareno León' con vídeos recientes de la agrupación, pero no está claro el canal propietario.) | https://www.youtube.com/@jhsleon1611 (Canal de la Cofradía del Dulce Nombre de Jesús Nazareno de León, que podría incluir contenido de la agrupación musical pero no es exclusivo de ella.)","Existe también una Banda de Cornetas y Tambores homónima (BCT JHS, ID 243) que genera confusión sobre a cuál pertenece cada canal."
243,Banda de Cornetas y Tambores Dulce Nombre de Jesús Nazareno,León,León,1963.0,2005.0,1999.0,dudoso,,"https://www.youtube.com/channel/UCJGaVHSNQHhv47kbdyGPzEw (Canal 'Cornetas y Tambores Dulce Nombre de Jesús Nazareno' con nombre coincidente, pero la banda está extinta desde 2005 y el canal parece tener actividad más moderna, por lo que no está claro que corresponda a esta entidad concreta y no a la Agrupación Musical homónima (ID 242) o a una reactivación posterior.)",
244,Agrupación Musical La Lanzada,Granada,Granada,1987.0,2001.0,,no_encontrado,,,"Se localiza un canal 'Topic' automático (no gestionado por la banda) y el canal de la Hermandad (LANZADATVGR), pero ningún canal propio y oficial de la agrupación musical, que además está extinta desde 2001."
245,Banda de Cornetas y Tambores Escuela de Música de Punta Umbría,Punta Umbría,Huelva,2004.0,0.0,2014.0,no_encontrado,,,Solo se localizan cuentas de Twitter/X (@BandadePunta) y noticias del Ayuntamiento; sin canal de YouTube.
246,Agrupación Musical La Fe,Posadas,Córdoba,2011.0,0.0,,no_encontrado,,,"Web oficial (amlafe.jimdofree.com) localizada, pero sin canal de YouTube propio; existe una agrupación homónima 'La Fe' en Granada que no debe confundirse con la de Posadas."
247,Agrupación Musical Nuestro Padre Jesús Nazareno,Peñaflor,Sevilla,1983.0,0.0,,no_encontrado,,,"El canal oficial encontrado (https://www.youtube.com/channel/UCZn5k45GvYE-elqXHnz0zUA) corresponde a La Roda de Andalucía (Sevilla), no a Peñaflor, según los propios resultados de búsqueda."
248,Banda de Cornetas y Tambores Ciudad de Toro,Toro,Zamora,2004.0,0.0,2014.0,no_encontrado,,,Solo se localiza un perfil de Vimeo ('Banda CIUDAD DE TORO'); en YouTube los resultados corresponden a la banda homónima distinta 'BCT Tres Caídas de Toro'.
249,Agrupación Musical Dulce Nombre de Jesús,Alcalá La Real,Jaén,0.0,0.0,,exacto,https://www.youtube.com/channel/UCI58vqK7Je_gXJbvMjy6QVA,,"Canal 'A.M. Dulce Nombre de Jesús' cuyas redes (Facebook/X @amdulcenombre) se corresponden con la de Alcalá la Real. Ojo: existe otra Agrupación Musical con el mismo nombre en Granada (surgida en 2004 de la fusión de Luz Casanova con la Cofradía de la Humildad), posible homonimia."
250,Banda de Cornetas y Tambores La Unión,Baena,Córdoba,2009.0,0.0,,exacto,https://www.youtube.com/c/BandaCornetasyTamboresLaUnion,,"Canal 'Banda Cornetas y Tambores La Union', con vídeos propios de la banda de Baena (Córdoba)."
251,Banda de Cornetas y Tambores Centuria Romana Nuestro Padre Jesús Nazareno,Linares,Jaén,2012.0,0.0,,no_encontrado,,,"Búsqueda confusa: aparecen bandas homónimas de Aguilar de la Frontera y Marchena, y canales genéricos 'Nazareno Linares' / 'Pasión de Linares' sin identificar claramente a esta banda concreta de Linares."
252,Agrupación Musical San Juan,Bailén,Jaén,2013.0,0.0,,exacto,https://www.youtube.com/@agrupacionmusicalsanjuande1191,,Handle coincide con 'Agrupación Musical San Juan de Bailén'. También existe otro canal 'San Juan de Bailén' (https://www.youtube.com/channel/UCiI1Blfobd_bCCCw5Ixjl4g) que podría ser un canal antiguo/duplicado de la misma banda.
253,Banda de Cornetas y Tambores Clavos de Cristo,Berja,Almería,0.0,0.0,,no_encontrado,,,"Solo aparecen vídeos sueltos subidos por terceros y una página de Facebook, sin canal propio identificable."
254,Agrupación Musical María Santísima de la Encarnación,Osuna,Sevilla,2013.0,0.0,,no_encontrado,,,"Solo se encontró blog (amencarnaciondeosuna.blogspot.com), ningún canal de YouTube propio."
255,Agrupación Musical Virgen de Gracia,Vila-Real,Castellón,2012.0,0.0,,dudoso,,"https://www.youtube.com/channel/UCJttkcM52qoDiv5PbLd_0Vg (Canal titulado 'Agrupación Musical Virgen de Gracia Vila-real', nombre completo coincide con localidad.) | https://www.youtube.com/channel/UC2KmqxlTqqchFmIoXAzXKdA (Segundo canal titulado 'Agrupación Musical Virgen de Gracia', posible duplicado o canal distinto de una agrupación folklórica homónima.)","Dos canales candidatos con nombre casi idéntico, no se pudo determinar cuál es el oficial vigente."
256,Banda de Cornetas y Tambores Cristo del Amor,Tarancón,Cuenca,2000.0,0.0,,no_encontrado,,,Solo vídeos sueltos de terceros (certámenes) y una página de Facebook; no se localizó canal propio.
257,Banda de Cornetas y Tambores de la Hermandad de la Dolorosa,Oliva,Valencia,0.0,0.0,,no_encontrado,,,No aparecen resultados específicos de YouTube para esta banda de Oliva.
258,Banda de Cornetas y Tambores La Vera Cruz,Oliva,Valencia,0.0,0.0,,no_encontrado,,,"Los resultados se confunden con bandas homónimas 'Vera Cruz' de Utrera, Los Palacios y Almogía; no se identificó canal propio de la de Oliva (Valencia)."
259,Banda de Cornetas y Tambores La Verónica,Pego,Alicante,1998.0,0.0,,no_encontrado,,,No se encontró canal ni vídeos claramente identificables de esta banda de Pego (Alicante).
260,Banda de Cornetas y Tambores San Juan Evangelista,Guardamar Del Segura,Alicante,0.0,0.0,,no_encontrado,,,"Nombre muy genérico; los resultados se refieren casi todos a la conocida banda homónima de Triana (Sevilla), no a la de Guardamar del Segura (Alicante)."
261,Banda de Cornetas y Tambores La Merced,Huelva,Huelva,2015.0,0.0,,no_encontrado,,,"Musicofrades la lista como extinta; solo hay vídeos sueltos subidos por terceros, sin canal propio."
262,Banda de Cornetas y Tambores Pasión de Cristo,Sevilla,Sevilla,2007.0,0.0,,no_encontrado,,,Esta banda se fusionó en 2023 con 'Santísimo Cristo de la Resurrección' formando 'Pasión y Resurrección'; no existe canal propio de 'Pasión de Cristo' en solitario.
263,Agrupación Musical Nuestra Señora del Carmen,Cuevas De Almanzora,Almería,0.0,0.0,,dudoso,,"https://www.youtube.com/playlist?list=PL03984D712AF4D747 (Playlist titulada 'A.M. Virgen del Carmen, Cuevas del Almanzora (ALMERÍA)' con vídeos de la banda, pero no se pudo confirmar si pertenece a un canal oficial propio o a un canal aficionado/recopilatorio.)","No se identificó canal oficial propio, solo una playlist y perfiles de Facebook/X."
264,Banda de Cornetas y Tambores de la Policía Municipal,Sevilla,Sevilla,1979.0,1982.0,,no_encontrado,,,Banda extinta desde 1982; sin presencia en YouTube.
265,Banda de Cornetas y Tambores Santísimo Cristo de la Humildad y Paciencia,Cádiz,Cádiz,1996.0,1998.0,,no_encontrado,,,"Solo aparece una playlist en un canal recopilatorio de terceros (con playlists de muchas bandas distintas), no un canal propio de la banda."
266,Agrupación Musical Virgen del Buensuceso,Los Corrales,Sevilla,2005.0,0.0,,exacto,https://www.youtube.com/@AMVIRGENBUENSUCESO,,"Canal oficial activo con vídeos propios recientes (2025) de la banda de Los Corrales (Sevilla), coincide con su web ambuensuceso.com."
267,Agrupación Musical Santa María de la Esperanza,Sevilla,Sevilla,2014.0,0.0,,no_encontrado,,,"Numerosos vídeos etiquetados 'AM Santa María de la Esperanza (Fraternitas)' pero subidos por canales de terceros/aficionados, sin canal propio identificable."
268,Banda de Cornetas y Tambores Nuestro Padre Jesús Cautivo,Sanlúcar La Mayor,Sevilla,1999.0,0.0,,no_encontrado,,,La banda se fusionó en 2006 con la de Aznalcázar (blog cautivoysantiagosanlucar.blogspot.com); los resultados de YouTube corresponden mayormente a una banda homónima de Málaga. No se localizó canal propio.
269,Banda de Cornetas y Tambores Santa María de la Victoria,Málaga,Málaga,2010.0,0.0,,no_encontrado,,,Fuentes confirman que la banda dejó de existir (sustituida en 2022); no se encontró canal propio de YouTube.
270,Agrupación Musical Luz Casanova,Granada,Granada,1994.0,2004.0,,no_encontrado,,,La agrupación se fusionó en 2004 con la Cofradía del Señor de la Humildad pasando a llamarse 'Agrupación Musical Dulce Nombre de Jesús' (de Granada); no existe canal propio bajo el nombre 'Luz Casanova'.
271,Agrupación Musical Santísimo Cristo de la Clemencia,Jerez De La Frontera,Cádiz,2016.0,0.0,,dudoso,,"https://www.youtube.com/playlist?list=PLS-R39kEzCug_i8qg-MOLN36ya1x8rUjq (Playlist 'Repertorio 2023 Agrupación Musical Santísimo Cristo de la Clemencia' con varios vídeos y conciertos recientes (2023-2024), pero no se pudo confirmar si el canal que la aloja es el oficial de la banda.)","Banda activa (Jerez de la Frontera) con abundante contenido en YouTube, pero no se identificó con certeza la URL del canal oficial (posible handle relacionado con @amlaclemencia en X, sin confirmar en YouTube)."
272,Agrupación Musical San Miguel Arcángel,Puertollano,Ciudad Real,2013.0,0.0,2018.0,exacto,https://www.youtube.com/channel/UC0azGtw-0TxXoQXuEoU2z-Q,,Canal 'AGRUPACIÓN MUSICAL ARCÁNGEL' (antiguo usuario amsmarcangel) con vídeos y álbumes propios de la banda de Puertollano (Ciudad Real).
